Top pages,Clicks,Impressions,CTR,Position
https://achiv.com/,44,2150,2.05%,2.84
https://achiv.com/product/transpocket/,4,171,2.34%,6.8
https://achiv.com/product/mapster/,4,103,3.88%,8.45
https://achiv.com/product/adpexai-video-face-swap/,4,69,5.8%,8.62
https://achiv.com/product/chatbox-ai/,3,278,1.08%,11.56
https://achiv.com/product/dippy-ai/,3,275,1.09%,9.69
https://achiv.com/product/myimg-ai/,3,239,1.26%,6.23
https://achiv.com/product/room-service/,3,111,2.7%,3.53
https://achiv.com/product/untitled-ui/,3,64,4.69%,13.16
https://achiv.com/product/apimart/,2,142,1.41%,6.44
https://achiv.com/product/mathos-ai/,2,28,7.14%,20.82
https://achiv.com/blog/,1,232,0.43%,7.97
https://achiv.com/product/luvvoice/,1,167,0.6%,7.13
https://achiv.com/product/adlibrary-com/,1,124,0.81%,5.93
https://achiv.com/product/obooko/,1,92,1.09%,7.49
https://achiv.com/product/tobira-ai-agent-network/,1,76,1.32%,7.43
https://achiv.com/product/llm-browser/,1,44,2.27%,9.05
https://achiv.com/product/ai-face-swap/,1,40,2.5%,12.15
https://achiv.com/product/vibefyre/,1,19,5.26%,5.05
https://achiv.com/product/supapin/,1,18,5.56%,11.44
https://achiv.com/product/llm-browser/feedback/,1,18,5.56%,12.06
https://achiv.com/product/memento-ai/,1,12,8.33%,5.67
https://achiv.com/product/fliflik-voice-changer/,1,10,10%,7.4
https://achiv.com/category/online-courses/,1,10,10%,8
https://achiv.com/product/flutnix/,1,8,12.5%,4
https://achiv.com/product/nomie_yvil16/,1,6,16.67%,6.17
https://achiv.com/product/hookpulse/feedback/,1,4,25%,25.5
http://achiv.com/,1,3,33.33%,1
http://www.achiv.com/,1,3,33.33%,2.33
https://achiv.com/product/noteblocks/,1,3,33.33%,4
https://achiv.com/product/tubegoes/,1,3,33.33%,5
https://achiv.com/product/commentions/,0,428,0%,8.93
https://achiv.com/product/hakkoai/,0,333,0%,9.97
https://achiv.com/product/novavoice/,0,220,0%,7.12
https://achiv.com/product/fastlane-ai/,0,206,0%,7.6
https://achiv.com/product/alphaclaw/,0,205,0%,7.57
https://achiv.com/product/raycast/,0,192,0%,6.77
https://achiv.com/product/avomap/,0,186,0%,8.75
https://achiv.com/product/kromio/,0,121,0%,7.38
https://achiv.com/about/terms,0,108,0%,9.08
https://achiv.com/directory/,0,98,0%,6.46
https://achiv.com/product/kilo-code/,0,92,0%,10.05
https://achiv.com/product/chronoid/,0,83,0%,8.51
https://achiv.com/product/puck/,0,82,0%,8.27
https://achiv.com/product/1devtool/,0,71,0%,7.65
https://achiv.com/about/privacy,0,65,0%,9.58
https://achiv.com/product/prompt-quest/,0,63,0%,6.02
https://achiv.com/product/spycam/,0,63,0%,6.48
https://achiv.com/product/producer-ai/,0,59,0%,5.39
https://achiv.com/product/letterbook/,0,59,0%,9.93
https://achiv.com/category/global-chat/,0,55,0%,8.07
https://achiv.com/product/reddinbox/,0,54,0%,9.33
https://achiv.com/product/model-diplomat/,0,49,0%,10.14
https://achiv.com/product/happycapy/,0,49,0%,14.06
https://achiv.com/product/myimg-ai/feedback/,0,49,0%,32.96
https://achiv.com/product/find-my-moat/,0,46,0%,7.8
https://achiv.com/product/first-answer-ai/,0,44,0%,7.84
https://achiv.com/product/helimeds/,0,44,0%,9.82
https://achiv.com/product/poptask/,0,43,0%,7.58
https://achiv.com/product/superx/,0,43,0%,9.67
https://achiv.com/product/facewow/,0,40,0%,7.75
https://achiv.com/category/text-to-video/,0,39,0%,7.31
https://achiv.com/product/small-text-generator/,0,39,0%,7.9
https://achiv.com/product/lovetunesai/,0,39,0%,9.72
https://achiv.com/product/lazyeyefix/,0,37,0%,24.97
https://achiv.com/product/timetailor/,0,36,0%,6.61
https://achiv.com/product/leo-books/,0,35,0%,7.37
https://achiv.com/product/photofeeler/,0,35,0%,12.71
https://achiv.com/product/relayhive/,0,34,0%,4.71
https://achiv.com/product/groq/,0,34,0%,6.41
https://achiv.com/product/growbro-ai/,0,34,0%,10.06
https://achiv.com/product/reddinbox/feedback/,0,34,0%,14.44
https://achiv.com/product/stamp-ai-email-secretary/,0,33,0%,10.33
https://achiv.com/product/gsong-ai/,0,31,0%,5.94
https://achiv.com/blog/c64fde16-7703-4fcc-aa92-5a26ba788c95-how-to-search-reddit-for-real-answers-when-google-and-reddit-search-fail/,0,31,0%,7.19
https://achiv.com/product/dictura/,0,31,0%,7.84
https://achiv.com/product/voicebrief/,0,30,0%,6.23
https://achiv.com/product/buildinpubliclog/,0,30,0%,7.43
https://achiv.com/product/textdeck/,0,29,0%,5.62
https://achiv.com/product/subclip/,0,29,0%,5.76
https://achiv.com/product/storypad/,0,27,0%,7.19
https://achiv.com/product/arlopass/,0,27,0%,8.37
https://achiv.com/product/lightfield/,0,27,0%,10.7
https://achiv.com/product/silicon-friendly/,0,25,0%,4.68
https://achiv.com/product/upbot/,0,25,0%,11.56
https://achiv.com/product/zengato/,0,24,0%,5.12
https://achiv.com/product/adworkly/,0,24,0%,7
https://achiv.com/product/miricanvas/,0,24,0%,10.71
https://achiv.com/product/selofy/,0,23,0%,5.57
https://achiv.com/product/streamgen/,0,23,0%,8.17
https://achiv.com/product/lean-transition-solutions/,0,23,0%,8.65
https://achiv.com/product/shineye/,0,23,0%,9.09
https://achiv.com/product/knowt/,0,23,0%,10.83
https://achiv.com/product/very-good-alternatives/,0,22,0%,3.91
https://achiv.com/product/pet-pet-generator/feedback/,0,22,0%,9
https://achiv.com/product/ajgar-clothing-crm/,0,22,0%,10.14
https://achiv.com/product/time-actor-gua/,0,22,0%,22.05
https://achiv.com/product/atlassian-marketplace/,0,22,0%,26.27
https://achiv.com/product/gapsfinder/,0,21,0%,5.62
https://achiv.com/product/grok-video/,0,21,0%,7.24
https://achiv.com/product/the-keyword-google-blog/,0,21,0%,7.71
https://achiv.com/product/mypassion-ai/,0,21,0%,9.19
https://achiv.com/product/claude-ai/,0,21,0%,12.71
https://achiv.com/product/transpocket/feedback/,0,21,0%,24.43
https://achiv.com/product/trashmail-dev/,0,20,0%,7.35
https://achiv.com/category/image-to-video/,0,20,0%,7.75
https://achiv.com/product/hookpulse/,0,20,0%,8.05
https://achiv.com/blog/84e1148a-536f-4e4d-86f6-4b866836ad75-how-to-find-clients-on-reddit-without-sounding-spammy-real-world-playbook/,0,20,0%,8.6
https://achiv.com/product/chai4me/,0,19,0%,6.11
https://achiv.com/blog/b24667f0-cbf7-4f1e-bf01-32546c891e2e-find-saas-icp-pain-points-on-reddit-before-you-build-the-wrong-feature/,0,19,0%,8.21
https://achiv.com/product/ismailable/,0,18,0%,4.83
https://achiv.com/product/rezi-ai/,0,18,0%,8.83
https://achiv.com/product/glam-ai/,0,18,0%,13.28
https://achiv.com/product/neverdrafts/,0,17,0%,5.29
https://achiv.com/product/batchr/,0,17,0%,6
https://achiv.com/product/adlibrary-com/feedback/,0,17,0%,6.71
https://achiv.com/product/launchigniter/,0,17,0%,7.29
https://achiv.com/product/downmark/,0,17,0%,7.47
https://achiv.com/product/your-own-ai/,0,17,0%,10.53
https://achiv.com/product/tabai/,0,17,0%,10.65
https://achiv.com/product/learniverse/,0,16,0%,7.12
https://achiv.com/product/luma-ai/,0,16,0%,7.88
https://achiv.com/category/mental-health-apps/,0,16,0%,8.38
https://achiv.com/product/connected-papers/,0,16,0%,8.81
https://achiv.com/blog/3350c82d-4e03-4492-9612-c1c4510d8d45-how-to-get-your-first-5-beta-testers-without-begging-friends/,0,15,0%,5.53
https://achiv.com/blog/42a25864-4acc-4f11-a665-5db769edb691-find-your-first-10-saas-users-without-posting-into-the-void/,0,15,0%,6.93
https://achiv.com/product/notiq/,0,15,0%,7.67
https://achiv.com/blog/84b0d380-f597-42d3-9f22-3b02b3e53e9a-how-to-get-beta-users-for-your-saas-before-you-launch-on-product-hunt/,0,15,0%,8
https://achiv.com/product/scriptivox/,0,15,0%,8.2
https://achiv.com/product/pixexact/,0,15,0%,9.13
https://achiv.com/product/relayhive/feedback/,0,15,0%,10.13
https://achiv.com/category/vector-graphics/,0,15,0%,21.8
https://achiv.com/product/quill-social/,0,14,0%,4
https://achiv.com/product/gamma/,0,14,0%,4.57
https://achiv.com/product/online-notepad-101/,0,14,0%,7.93
https://achiv.com/product/multifield-copycat/,0,14,0%,8.07
https://achiv.com/blog/a9de85a8-bc95-4cb1-9c3a-cc177e99e965-reddit-karma-blocking-your-outreach-find-subreddits-and-earn-posting-rights/,0,14,0%,9.14
https://achiv.com/product/relacan/,0,14,0%,10.5
https://achiv.com/product/aisheets/,0,14,0%,16
https://achiv.com/product/betterbugs/,0,14,0%,39.29
https://achiv.com/product/buildrboard/,0,13,0%,5.85
https://achiv.com/product/selofy/feedback/,0,13,0%,7.85
https://achiv.com/product/nameknow/,0,13,0%,9.62
https://achiv.com/product/ai-talk-coach/,0,13,0%,10.08
https://achiv.com/product/hireotto/,0,13,0%,10.46
https://achiv.com/product/insforge/,0,13,0%,10.54
https://achiv.com/product/snap-shots/,0,13,0%,15.23
https://achiv.com/category/community-management/,0,13,0%,15.38
https://achiv.com/product/bangerbase/,0,12,0%,3.67
https://achiv.com/product/qoredb/,0,12,0%,7.42
https://achiv.com/product/1minai/,0,12,0%,9.25
https://achiv.com/product/aden/,0,12,0%,10.92
https://achiv.com/product/imageprompt-image-to-prompt-generator/,0,12,0%,13.83
https://achiv.com/product/newsdrop/,0,11,0%,3.64
https://achiv.com/product/locallytools/,0,11,0%,5.18
https://achiv.com/product/freewaitlists/,0,11,0%,5.27
https://achiv.com/product/reddit-hunters/,0,11,0%,5.27
https://achiv.com/directory,0,11,0%,5.91
https://achiv.com/product/pinme/,0,11,0%,7.09
https://achiv.com/product/flowtask/,0,11,0%,7.27
https://achiv.com/product/apimart/feedback/,0,11,0%,7.45
https://achiv.com/category/ai-networking-platforms/,0,11,0%,7.55
https://achiv.com/product/vidione/,0,11,0%,7.55
https://achiv.com/product/verve-ai/,0,11,0%,7.64
https://achiv.com/product/gsong-ai/feedback/,0,11,0%,9.36
https://achiv.com/product/coverage-cat/,0,11,0%,9.73
https://achiv.com/product/mom-clock/,0,11,0%,9.73
https://achiv.com/product/mathpix/,0,11,0%,9.91
https://achiv.com/product/nomie/,0,11,0%,10.82
https://achiv.com/product/fastlane-ai/feedback/,0,11,0%,13.18
https://achiv.com/category/freelancer-tools/,0,11,0%,13.82
https://achiv.com/product/next-mile/,0,10,0%,4.1
https://achiv.com/product/void-relay/,0,10,0%,6.2
https://achiv.com/product/cfeedback/,0,10,0%,6.7
https://achiv.com/product/shakker-ai/,0,10,0%,6.8
https://achiv.com/product/edgee/,0,10,0%,8.7
https://achiv.com/product/superu-ai/,0,10,0%,9.1
https://achiv.com/product/vatify/,0,10,0%,10.1
https://achiv.com/product/appdesk/,0,10,0%,11.3
https://achiv.com/product/scholarcy/,0,9,0%,6
https://achiv.com/product/sextracker/,0,9,0%,7
https://achiv.com/product/agentsverse/,0,9,0%,7.56
https://achiv.com/product/kalen/,0,9,0%,8.22
https://achiv.com/product/very-good-alternatives/feedback/,0,9,0%,8.22
https://achiv.com/product/astra-ai/,0,9,0%,9.11
https://achiv.com/product/snap-shots/feedback/,0,9,0%,14.44
https://achiv.com/product/stayawake-dev/,0,9,0%,17
https://achiv.com/product/novavoice/feedback/,0,9,0%,17.22
https://achiv.com/product/wechat/,0,9,0%,20.22
https://achiv.com/product/clay/,0,8,0%,3.25
https://achiv.com/product/recall-assist/,0,8,0%,4
https://achiv.com/blog/972b1710-d55c-4c75-a2ae-a6f22d4e2c3f-month-2-no-audience-0-users-find-your-first-saas-prospects/,0,8,0%,4.25
https://achiv.com/category/automation-apis/,0,8,0%,5.38
https://achiv.com/product/formhive/,0,8,0%,6.38
https://achiv.com/blog/6d4c162a-f00e-4943-b232-c06aa39e78dd-build-in-public-isn-t-getting-you-users-do-this-before-you-post-again/,0,8,0%,6.5
https://achiv.com/product/haxiom/,0,8,0%,6.62
https://achiv.com/product/kcolor/,0,8,0%,6.75
https://achiv.com/blog/0d73078b-1e15-4f93-9b12-4ab6f8028d28-saas-signups-but-no-feedback-find-early-users-who-will-reply/,0,8,0%,7.25
https://achiv.com/product/meet-steve/,0,8,0%,7.62
https://achiv.com/product/demonstro/,0,8,0%,7.75
https://achiv.com/product/subtitleme/,0,8,0%,8.12
https://achiv.com/blog/fcd32118-32fe-4d26-9624-8f33acf2c02f-find-buying-intent-on-linkedin-company-pages-without-burning-out/,0,8,0%,8.62
https://achiv.com/product/primy/,0,8,0%,9.25
https://achiv.com/product/chestnuttable/,0,8,0%,10.75
https://achiv.com/product/qoredb/feedback/,0,8,0%,11.25
https://achiv.com/product/stitch-by-google/,0,8,0%,17.38
https://achiv.com/product/goals-makegoals-app/,0,8,0%,17.88
https://achiv.com/product/forms-app/,0,8,0%,18.62
https://achiv.com/product/reachara/,0,7,0%,5.29
https://achiv.com/product/sideprojectbuddy/,0,7,0%,6
https://achiv.com/product/find-my-moat/feedback/,0,7,0%,6.14
https://achiv.com/product/flowcraft/,0,7,0%,6.29
https://achiv.com/product/ohdiary/,0,7,0%,7.29
https://achiv.com/product/glitch-text/,0,7,0%,7.43
https://achiv.com/product/stable-diffusion-online/,0,7,0%,7.86
https://achiv.com/blog/6f620047-7e5e-4455-9fb8-fd1028261f72-how-to-find-buying-signals-on-linkedin-without-paying-for-sales-navigator/,0,7,0%,9.14
https://achiv.com/product/morethandigital-insights/,0,7,0%,9.14
https://achiv.com/product/superhuman/,0,7,0%,9.29
https://achiv.com/product/locpilot-for-word/,0,7,0%,9.57
https://achiv.com/category/ai-gaming-companions/,0,7,0%,9.86
https://achiv.com/product/autolocalise/,0,7,0%,10.71
https://achiv.com/product/mapify/,0,7,0%,11.71
https://achiv.com/product/travel-animator/,0,7,0%,19
https://achiv.com/product/1devtool/feedback/,0,7,0%,24.86
https://achiv.com/product/littlebird/,0,7,0%,26
https://achiv.com/product/holiday-whisper/,0,6,0%,1.5
https://achiv.com/product/hoop-dev/,0,6,0%,5.5
https://achiv.com/blog/857efa9b-1697-44b2-9b1c-412e4c4617b5-how-to-tell-if-a-reddit-or-x-post-is-a-real-buying-signal-or-just-noise/,0,6,0%,6
https://achiv.com/product/pixelshot/,0,6,0%,7
https://achiv.com/blog/b78a7bf8-5b26-4b5a-8c06-f8c3ac74afbb-how-to-find-real-user-feedback-for-your-saas-before-launch-week-goes-quiet/,0,6,0%,7.5
https://achiv.com/product/price-slice/,0,6,0%,8
https://achiv.com/product/social-buzz-ai/,0,6,0%,8
https://achiv.com/product/the-rundown-ai/,0,6,0%,8
https://achiv.com/product/bityclips/,0,6,0%,9.33
https://achiv.com/product/xpert-page/,0,6,0%,10.17
https://achiv.com/product/google-antigravity/,0,6,0%,11
https://achiv.com/product/mailsign/,0,6,0%,17.33
https://achiv.com/category/video-transcription/,0,6,0%,19
https://achiv.com/product/alphaclaw/feedback/,0,6,0%,25.33
https://achiv.com/product/lovetunesai/feedback/,0,6,0%,29.67
https://achiv.com/category/donation-pages/,0,6,0%,32
https://achiv.com/product/linkto/,0,5,0%,3
https://achiv.com/product/happycapy_yu76o5/,0,5,0%,3.4
https://achiv.com/product/storyseeds/,0,5,0%,4.4
https://achiv.com/product/textdeck/feedback/,0,5,0%,4.4
https://achiv.com/product/tivity/,0,5,0%,5.2
https://achiv.com/product/cozyreminder/,0,5,0%,5.4
https://achiv.com/blog/6ecb5f5d-463e-4b59-8f0d-10fe968dbb24-cold-outreach-got-0-replies-find-early-saas-users-in-public-conversations/,0,5,0%,5.8
https://achiv.com/product/ab-test-live/,0,5,0%,6
https://achiv.com/product/quill-social/feedback/,0,5,0%,6
https://achiv.com/product/ask-users/,0,5,0%,6.4
https://achiv.com/product/trillionagent/,0,5,0%,6.4
https://achiv.com/product/openclaw/,0,5,0%,6.6
https://achiv.com/category/customer-feedback/,0,5,0%,6.8
https://achiv.com/category/ai-image-generation/,0,5,0%,7
https://achiv.com/category/localization/,0,5,0%,7
https://achiv.com/product/gitmore/,0,5,0%,7.2
https://achiv.com/product/starnus/,0,5,0%,7.2
https://achiv.com/product/appsy-tools/,0,5,0%,7.6
https://achiv.com/product/monrad/,0,5,0%,7.6
https://achiv.com/product/visla/,0,5,0%,7.6
https://achiv.com/blog/649ca150-e400-49c4-b7b0-de8b6582fd66-find-cheaper-alternative-buyers-on-reddit-linkedin-before-competitors/,0,5,0%,7.8
https://achiv.com/category/writing-assistants/,0,5,0%,8
https://achiv.com/product/turrboo/feedback/,0,5,0%,8.6
https://achiv.com/product/gro-ai/,0,5,0%,9.2
https://achiv.com/product/postsyncer/,0,5,0%,9.8
https://achiv.com/product/devicesfinder/,0,5,0%,10.8
https://achiv.com/category/investment-research/,0,5,0%,12
https://achiv.com/product/hireotto/feedback/,0,5,0%,14.6
https://achiv.com/product/humbot/,0,5,0%,17.8
https://achiv.com/product/reelsmaker-ai/,0,5,0%,18.2
https://achiv.com/blog/742824ea-9a7c-44e3-916f-261d271ba8e2-social-listening-tools-send-useless-alerts-find-real-buying-intent/,0,5,0%,22.8
https://achiv.com/product/batchr/feedback/,0,5,0%,28.8
https://achiv.com/category/product-launch/,0,5,0%,39
https://achiv.com/product/music-generator-ai/,0,5,0%,59
https://achiv.com/category/ai-automation-agency/,0,4,0%,3
https://achiv.com/product/pdfx/,0,4,0%,4
https://achiv.com/product/analog-clock-learning-tool/,0,4,0%,4.25
https://achiv.com/product/camprs/,0,4,0%,4.25
https://achiv.com/product/imageresizeai/feedback/,0,4,0%,4.5
https://achiv.com/product/claritybee/,0,4,0%,4.75
https://achiv.com/product/photogrid/,0,4,0%,5
https://achiv.com/product/aventure-vc/,0,4,0%,5.25
https://achiv.com/product/flutnix/feedback/,0,4,0%,5.5
https://achiv.com/product/picture-to-drawing/,0,4,0%,5.5
https://achiv.com/product/markix/,0,4,0%,5.75
https://achiv.com/category/personal-websites/,0,4,0%,6.25
https://achiv.com/product/apirealtest/,0,4,0%,6.5
https://achiv.com/product/clickworker/,0,4,0%,6.75
https://achiv.com/product/pdf-stitch/,0,4,0%,7.25
https://achiv.com/product/in-your-face/,0,4,0%,7.75
https://achiv.com/blog/b849789a-ba1d-459a-972b-6b54a100df47-how-to-find-reddit-leads-without-hiring-a-va-to-post-for-you/,0,4,0%,8
https://achiv.com/product/rendair-ai/,0,4,0%,8
https://achiv.com/product/accio/,0,4,0%,8.5
https://achiv.com/product/adworkly/feedback/,0,4,0%,8.5
https://achiv.com/category/ai-presentation-generators,0,4,0%,9
https://achiv.com/category/journaling-and-mood-tracking/,0,4,0%,9.25
https://achiv.com/product/cerebras/,0,4,0%,11.75
https://achiv.com/product/pdf-guru/,0,4,0%,12.5
https://achiv.com/product/pregnancy-calculator/,0,4,0%,12.75
https://achiv.com/category/stock-screeners/,0,4,0%,13.25
https://achiv.com/product/gapsfinder/feedback/,0,4,0%,16.5
https://achiv.com/category/brand-monitoring/,0,4,0%,20
https://achiv.com/category/form-builders/,0,4,0%,25.5
https://achiv.com/product/recipe-one/,0,4,0%,25.75
https://achiv.com/product/newsdrop/feedback/,0,4,0%,26
https://achiv.com/category/live-transcription/,0,4,0%,33.25
https://achiv.com/product/landr/,0,4,0%,35.25
https://achiv.com/product/arlopass/feedback/,0,4,0%,35.75
https://achiv.com/product/lummi-ai/,0,4,0%,43.25
https://achiv.com/product/imageresizeai/,0,3,0%,3.33
https://achiv.com/category/data-collection/,0,3,0%,4.33
https://achiv.com/product/seedream-4-0/,0,3,0%,4.67
https://achiv.com/product/applaunchpad/,0,3,0%,5
https://achiv.com/product/trillionagent/feedback/,0,3,0%,5
https://achiv.com/blog/2f2f5474-94d6-4401-99dd-b715d328cc97-why-building-in-public-gets-views-but-not-saas-signups/,0,3,0%,5.33
https://achiv.com/product/facewow/feedback/,0,3,0%,5.33
https://achiv.com/category/goal-setting/,0,3,0%,5.67
https://achiv.com/product/looklinker/,0,3,0%,5.67
https://achiv.com/product/microestimates/,0,3,0%,5.67
https://achiv.com/product/appcontext/,0,3,0%,6
https://achiv.com/product/imgremover/,0,3,0%,6
https://achiv.com/product/vite-plus/,0,3,0%,6
https://achiv.com/product/bange-io/,0,3,0%,6.33
https://achiv.com/product/chartfromtext/,0,3,0%,6.33
https://achiv.com/product/humanizeai/,0,3,0%,6.33
https://achiv.com/product/ytsummarizer/,0,3,0%,6.33
https://achiv.com/product/songguru/,0,3,0%,6.67
https://achiv.com/category/text-to-image/,0,3,0%,7
https://achiv.com/product/chatbireport/,0,3,0%,7
https://achiv.com/product/screenapp/,0,3,0%,7
https://achiv.com/product/lazyeyefix/feedback/,0,3,0%,7.67
https://achiv.com/product/lovon/,0,3,0%,8
https://achiv.com/category/lead-generation/,0,3,0%,8.33
https://achiv.com/product/kilo-code/feedback/,0,3,0%,8.33
https://achiv.com/category/personalized-gifts/,0,3,0%,8.67
https://achiv.com/product/eesel-ai/,0,3,0%,8.67
https://achiv.com/product/lifepace/,0,3,0%,8.67
https://achiv.com/product/broken-chat/,0,3,0%,9
https://achiv.com/product/komorebi/,0,3,0%,9
https://achiv.com/product/vanceai/,0,3,0%,9.67
https://achiv.com/product/motion/,0,3,0%,10.33
https://achiv.com/blog/f5647e63-5467-4f3f-b04c-b869fe826a20-how-to-find-your-first-agency-clients-on-linkedin-without-posting-every-day/,0,3,0%,10.67
https://achiv.com/product/betterbugs/feedback/,0,3,0%,11
https://achiv.com/product/turrboo/,0,3,0%,11
https://achiv.com/product/unify-ai/,0,3,0%,14.33
https://achiv.com/product/vidduo/,0,3,0%,14.33
https://achiv.com/category/browser-extensions/,0,3,0%,14.67
https://achiv.com/product/bityclips/feedback/,0,3,0%,16.33
https://achiv.com/product/hakkoai/feedback/,0,3,0%,18
https://achiv.com/product/ezremove/,0,3,0%,19
https://achiv.com/product/claude-ai/feedback/,0,3,0%,20.67
https://achiv.com/product/scriptivox/feedback/,0,3,0%,21.33
https://achiv.com/category/video-effects/,0,3,0%,27
https://achiv.com/category/image-upscaling/,0,3,0%,33
https://achiv.com/product/pixexact/feedback/,0,3,0%,34.33
https://achiv.com/category/database-clients/,0,3,0%,34.67
https://achiv.com/product/zengato/feedback/,0,3,0%,38.33
https://achiv.com/category/personal-organization/,0,3,0%,39.33
https://achiv.com/product/tattoo-studio-pro/,0,3,0%,41
https://achiv.com/product/mypetcal/feedback/,0,3,0%,50.33
https://achiv.com/category/venture-capital/,0,2,0%,2
https://achiv.com/product/arena/,0,2,0%,2
https://achiv.com/category/habits-and-routines/,0,2,0%,4
https://achiv.com/product/cloky/,0,2,0%,4
https://achiv.com/product/grok-video/feedback/,0,2,0%,4
https://achiv.com/blog/16a8b190-6220-4179-895c-5d61919bfce9-reddit-lead-generation-tools-why-keyword-alerts-miss-high-intent-buyers/,0,2,0%,5
https://achiv.com/category/animation-video-makers/,0,2,0%,5
https://achiv.com/product/card-scanner/,0,2,0%,5
https://achiv.com/product/interiorflux-studio-ai/feedback/,0,2,0%,5
https://achiv.com/product/looklinker/feedback/,0,2,0%,5
https://achiv.com/category/photo-and-video-editing/,0,2,0%,5.5
https://achiv.com/category/short-form-video-tools/,0,2,0%,5.5
https://achiv.com/product/linkedin-job-scraper/,0,2,0%,5.5
https://achiv.com/product/pretty-scale/feedback/,0,2,0%,5.5
https://achiv.com/product/reddit-hunters/feedback/,0,2,0%,5.5
https://achiv.com/product/instafy/,0,2,0%,6
https://achiv.com/product/perfect-corp/feedback/,0,2,0%,6
https://achiv.com/product/pretty-scale/,0,2,0%,6
https://achiv.com/product/simpoflow/,0,2,0%,6
https://achiv.com/product/holiday-whisper/feedback/,0,2,0%,6.5
https://achiv.com/product/nimbus/,0,2,0%,6.5
https://achiv.com/product/reelsmaker-ai/feedback/,0,2,0%,6.5
https://achiv.com/product/sextracker/feedback/,0,2,0%,6.5
https://achiv.com/product/ocrmd/,0,2,0%,7
https://achiv.com/product/poe/,0,2,0%,7
https://achiv.com/product/stellar/,0,2,0%,7
https://achiv.com/product/bayeslab/,0,2,0%,8
https://achiv.com/product/growbro-ai/feedback/,0,2,0%,8
https://achiv.com/product/sideprojectbuddy/feedback/,0,2,0%,8
https://achiv.com/category/ai-music-generation,0,2,0%,8.5
https://achiv.com/category/task-automation/,0,2,0%,8.5
https://achiv.com/product/photo-organizer-flipfocus/,0,2,0%,8.5
https://achiv.com/product/tabai/feedback/,0,2,0%,8.5
https://achiv.com/category/photo-retouching/,0,2,0%,9
https://achiv.com/category/web-clipping,0,2,0%,9
https://achiv.com/product/fruit-guides/,0,2,0%,9
https://achiv.com/product/golf/,0,2,0%,9
https://achiv.com/product/mypetcal/,0,2,0%,9
https://achiv.com/product/voicebrief/feedback/,0,2,0%,9
https://achiv.com/product/orgbasehq/,0,2,0%,9.5
https://achiv.com/product/vaygo-bingo/,0,2,0%,9.5
https://achiv.com/product/what-does-this-do/,0,2,0%,9.5
https://achiv.com/category/ai-writing-tools/,0,2,0%,10
https://achiv.com/product/vibefyre/feedback/,0,2,0%,10
https://www.achiv.com/product/formhive/feedback/,0,2,0%,10
https://achiv.com/product/lokuma-designer-agent_r5iair/,0,2,0%,10.5
https://achiv.com/blog/28430ae2-3a3b-4c20-8d38-2e621a68cc65-how-to-find-people-asking-for-software-recommendations-on-reddit-x-linkedin/,0,2,0%,11
https://achiv.com/category/conversion-rate-optimization/,0,2,0%,11
https://achiv.com/product/shineye/feedback/,0,2,0%,11
https://achiv.com/product/flow-veo-3/,0,2,0%,11.5
https://achiv.com/product/myselpost/feedback/,0,2,0%,13
https://achiv.com/product/cloudeagle-ai/,0,2,0%,14
https://achiv.com/product/analog-clock-learning-tool/feedback/,0,2,0%,15
https://achiv.com/product/handwritten-sign/feedback/,0,2,0%,15
https://achiv.com/product/kromio/feedback/,0,2,0%,16
https://achiv.com/product/mapster/feedback/,0,2,0%,16.5
https://achiv.com/category/ai-translation,0,2,0%,18
https://achiv.com/product/autolocalise/feedback/,0,2,0%,18
https://achiv.com/product/lingoclub/,0,2,0%,20.5
https://achiv.com/product/mypassion-ai/feedback/,0,2,0%,22.5
https://achiv.com/category/form-builder/,0,2,0%,29.5
https://achiv.com/product/aicarouselcreator/,0,2,0%,30
https://achiv.com/product/littlebird/feedback/,0,2,0%,40.5
https://achiv.com/product/shortform/feedback/,0,2,0%,41.5
https://achiv.com/product/vidduo/feedback/,0,2,0%,42.5
https://achiv.com/category/home-surveillance/,0,2,0%,48.5
https://achiv.com/product/appdesk/feedback/,0,2,0%,49
https://achiv.com/category/personal-finance/,0,2,0%,50.5
https://achiv.com/product/text-behind-picture/,0,2,0%,50.5
https://achiv.com/product/apple-app-store/,0,2,0%,52.5
https://achiv.com/product/humanizeai/feedback/,0,2,0%,53
https://achiv.com/product/imgremover/feedback/,0,2,0%,53.5
https://achiv.com/product/hoop-dev/feedback/,0,2,0%,54.5
https://achiv.com/product/insforge/feedback/,0,2,0%,61
https://achiv.com/category/personal-websites,0,2,0%,64.5
https://achiv.com/product/raycast/feedback/,0,2,0%,67.5
https://achiv.com/category/email-automation/,0,2,0%,70.5
https://achiv.com/category/time-tracking/,0,2,0%,74.5
https://achiv.com/category/medication-reminders/,0,2,0%,78
https://achiv.com/category/employee-onboarding,0,2,0%,79.5
https://achiv.com/category/gtm-tools/,0,2,0%,79.5
https://achiv.com/category/content-hosting/,0,2,0%,83.5
https://achiv.com/category/photo-organization,0,2,0%,85
https://achiv.com/category/sales-engagement/,0,2,0%,86
https://achiv.com/category/dictation-software/,0,2,0%,87.5
https://achiv.com/category/client-portals/,0,2,0%,90
https://achiv.com/category/decentralized-storage/,0,2,0%,91.5
https://achiv.com/#capabilities,0,1,0%,1
https://achiv.com/#faq,0,1,0%,1
https://achiv.com/#how-it-works,0,1,0%,1
https://achiv.com/#pricing,0,1,0%,1
https://achiv.com/category/ides/,0,1,0%,1
https://achiv.com/category/llm-monitoring/,0,1,0%,1
https://achiv.com/product/imageprompt-image-to-prompt-generator/feedback/,0,1,0%,1
https://achiv.com/product/kcolor/feedback/,0,1,0%,1
https://achiv.com/product/terra-area/,0,1,0%,1
https://achiv.com/category/bug-reporting/,0,1,0%,2
https://achiv.com/category/exam-prep/,0,1,0%,2
https://achiv.com/category/experimentation/,0,1,0%,2
https://achiv.com/product/timetailor/feedback/,0,1,0%,2
https://achiv.com/blog/967a690d-c088-4641-8be2-ce952989b58a-how-to-respond-to-social-media-leads-fast-enough-to-win-the-deal/,0,1,0%,3
https://achiv.com/category/domain-generation/,0,1,0%,3
https://achiv.com/product/accio/feedback/,0,1,0%,3
https://achiv.com/product/agentsverse/feedback/,0,1,0%,3
https://achiv.com/product/editpal/,0,1,0%,3
https://achiv.com/product/flexy-ui/,0,1,0%,3
https://achiv.com/product/flow-veo-3/feedback/,0,1,0%,3
https://achiv.com/blog/2e4b648c-d620-4ef1-a47f-95a44f7bce46-why-social-listening-alerts-are-full-of-junk-and-how-to-find-buying-intent/,0,1,0%,4
https://achiv.com/category/habit-tracking/,0,1,0%,4
https://achiv.com/category/smartphone-database/,0,1,0%,4
https://achiv.com/product/compliquiz/,0,1,0%,4
https://achiv.com/product/crackbounce/feedback/,0,1,0%,4
https://achiv.com/product/lingoclub/feedback/,0,1,0%,4
https://achiv.com/product/multifield-copycat/feedback/,0,1,0%,4
https://achiv.com/product/resumeshaperai/,0,1,0%,4
https://achiv.com/product/soz/,0,1,0%,4
https://achiv.com/product/vps-commander/feedback/,0,1,0%,4
https://achiv.com/product/yesornot/,0,1,0%,4
https://achiv.com/product/ytsummarizer/feedback/,0,1,0%,4
https://achiv.com/category/ai-divination/,0,1,0%,5
https://achiv.com/category/social-media-management/,0,1,0%,5
https://achiv.com/product/absolute-digita/,0,1,0%,5
https://achiv.com/product/crackbounce/,0,1,0%,5
https://achiv.com/product/foto-perfil/,0,1,0%,5
https://achiv.com/product/iris-send-client-work-beautifully/,0,1,0%,5
https://achiv.com/product/launchigniter/feedback/,0,1,0%,5
https://achiv.com/product/spline/,0,1,0%,5
https://achiv.com/product/travel-animator/feedback/,0,1,0%,5
https://achiv.com/product/vite-plus/feedback/,0,1,0%,5
https://achiv.com/product/chatbireport/feedback/,0,1,0%,6
https://achiv.com/product/first-answer-ai/feedback/,0,1,0%,6
https://achiv.com/product/fliflik-voice-changer/feedback/,0,1,0%,6
https://achiv.com/product/lokuma-designer-agent/,0,1,0%,6
https://achiv.com/product/presentations-ai/,0,1,0%,6
https://achiv.com/product/reclaim-ai/,0,1,0%,6
https://achiv.com/product/social-buzz-ai/feedback/,0,1,0%,6
https://achiv.com/product/verve-ai/feedback/,0,1,0%,6
https://achiv.com/product/vps-commander/,0,1,0%,6
https://achiv.com/category/data-analytics/,0,1,0%,7
https://achiv.com/category/embedded-visual-editors/,0,1,0%,7
https://achiv.com/category/focus-apps/,0,1,0%,7
https://achiv.com/category/subscription-billing/,0,1,0%,7
https://achiv.com/product/ai-earth-zoom-out/,0,1,0%,7
https://achiv.com/product/sitebuilder-ai/feedback/,0,1,0%,7
https://achiv.com/product/thordata/,0,1,0%,7
https://achiv.com/product/time-actor-gua/feedback/,0,1,0%,7
https://achiv.com/product/tubegoes/feedback/,0,1,0%,7
https://achiv.com/product/yesorno-run/,0,1,0%,7
https://achiv.com/blog/11c374d8-4ef8-48c9-8344-e6b1f8e737db-signups-but-no-saas-revenue-find-prospects-with-real-buying-intent/,0,1,0%,8
https://achiv.com/blog/e0ab07e6-deae-4d58-af5f-cb7bf04e29ea-how-to-find-real-reddit-marketing-help-without-bots-or-fake-accounts/,0,1,0%,8
https://achiv.com/category/api-management/,0,1,0%,8
https://achiv.com/category/music-makers/,0,1,0%,8
https://achiv.com/category/peer-to-peer-marketplace/,0,1,0%,8
https://achiv.com/product/apirealtest/feedback/,0,1,0%,8
https://achiv.com/product/podcast-growth-agent-v2/,0,1,0%,8
https://achiv.com/blog/63a37421-ec8b-4960-a0bc-5a36d8c57adc-founder-marketing-isn-t-a-system-build-a-repeatable-pipeline-from-reddit-x-linke/,0,1,0%,9
https://achiv.com/category/document-workflow/,0,1,0%,9
https://achiv.com/category/fundraising/,0,1,0%,9
https://achiv.com/category/server-management,0,1,0%,9
https://achiv.com/product/chibi/,0,1,0%,9
https://achiv.com/product/harvest-exchange/,0,1,0%,9
https://achiv.com/product/leadsleek/,0,1,0%,9
https://achiv.com/product/seedream-4-0/feedback/,0,1,0%,9
https://achiv.com/product/up-learn/,0,1,0%,9
https://achiv.com/product/visla/feedback/,0,1,0%,9
https://achiv.com/blog/1a50fe19-ad6a-49f8-ade7-9d2cdeee5554-linkedin-organic-marketing-feels-like-a-full-time-job-find-buyers-without-postin/,0,1,0%,10
https://achiv.com/category/ai-virtual-employees/,0,1,0%,10
https://achiv.com/category/anxiety-relief/,0,1,0%,10
https://achiv.com/category/database-clients,0,1,0%,10
https://achiv.com/category/dating-profile-optimization/,0,1,0%,10
https://achiv.com/category/prompt-libraries/,0,1,0%,10
https://achiv.com/product/ai-couple-photo/,0,1,0%,10
https://achiv.com/product/markix/feedback/,0,1,0%,10
https://achiv.com/product/mathpix/feedback/,0,1,0%,10
https://achiv.com/product/memento-ai/feedback/,0,1,0%,10
https://achiv.com/product/shortform/,0,1,0%,10
https://achiv.com/product/thumbnail-gen/,0,1,0%,10
https://achiv.com/product/tivity/feedback/,0,1,0%,10
https://achiv.com/product/vmake/,0,1,0%,10
https://www.achiv.com/category/ai-research-labs,0,1,0%,10
https://achiv.com/category/face-analysis/,0,1,0%,11
https://achiv.com/category/social-listening/,0,1,0%,11
https://achiv.com/category/speech-recognition/,0,1,0%,11
https://achiv.com/category/travel-games/,0,1,0%,11
https://achiv.com/product/1minai/feedback/,0,1,0%,11
https://achiv.com/product/bange-io/feedback/,0,1,0%,11
https://achiv.com/product/context-overflow/feedback/,0,1,0%,11
https://achiv.com/product/cursor/,0,1,0%,11
https://achiv.com/product/instafy/feedback/,0,1,0%,11
https://achiv.com/product/prompt-quest/feedback/,0,1,0%,11
https://achiv.com/category/photo-organization/,0,1,0%,12
https://achiv.com/product/ajgar-clothing-crm/feedback/,0,1,0%,12
https://achiv.com/product/dippy-ai/feedback/,0,1,0%,12
https://achiv.com/product/sora-2-ai/,0,1,0%,12
https://achiv.com/product/microsoft-designer/,0,1,0%,13
https://achiv.com/category/localization,0,1,0%,14
https://achiv.com/product/gro-ai/feedback/,0,1,0%,16
https://achiv.com/category/notification-apis/,0,1,0%,17
https://achiv.com/product/chatbox-ai/feedback/,0,1,0%,17
https://achiv.com/product/skool-prep/,0,1,0%,20
https://achiv.com/product/chestnuttable/feedback/,0,1,0%,23
https://achiv.com/product/santa-claus-phone-number/,0,1,0%,23
https://achiv.com/product/photofeeler/feedback/,0,1,0%,25
https://achiv.com/product/adpexai-video-face-swap/feedback/,0,1,0%,26
https://achiv.com/product/createorgchart/,0,1,0%,27
https://achiv.com/product/applaunchpad/feedback/,0,1,0%,29
https://achiv.com/product/vsco/,0,1,0%,31
https://achiv.com/product/imagetotext/,0,1,0%,33
https://achiv.com/product/macaly/,0,1,0%,36
https://achiv.com/product/avomap/feedback/,0,1,0%,40
https://achiv.com/product/nameknow/feedback/,0,1,0%,47
https://achiv.com/product/vanceai/feedback/,0,1,0%,48
https://achiv.com/category/audio-transcription,0,1,0%,50
https://achiv.com/product/pinme/feedback/,0,1,0%,51
https://achiv.com/product/cozyreminder/feedback/,0,1,0%,52
https://achiv.com/product/relacan/feedback/,0,1,0%,54
https://achiv.com/product/superx/feedback/,0,1,0%,55
https://achiv.com/category/video-transcription,0,1,0%,58
https://achiv.com/category/git-reporting/,0,1,0%,68
https://achiv.com/product/resumeshaperai/feedback/,0,1,0%,74
https://achiv.com/product/kalen/feedback/,0,1,0%,75
https://achiv.com/category/audio-transcription/,0,1,0%,78
https://achiv.com/category/email-management/,0,1,0%,79
https://achiv.com/product/ambriel/feedback/,0,1,0%,80
https://achiv.com/product/upbot/feedback/,0,1,0%,84
https://achiv.com/category/notification-apis,0,1,0%,86
https://achiv.com/category/personal-publishing/,0,1,0%,86
https://achiv.com/category/compliance-assessment/,0,1,0%,88
https://achiv.com/category/motion-detection/,0,1,0%,88
https://achiv.com/category/founder-tools/,0,1,0%,90
https://achiv.com/category/podcast-marketing/,0,1,0%,91
https://achiv.com/category/presentation-tools/,0,1,0%,92
https://achiv.com/category/stock-photos/,0,1,0%,93
https://achiv.com/category/email-api/,0,1,0%,94
https://achiv.com/category/app-marketplaces/,0,1,0%,95
https://achiv.com/category/email-management,0,1,0%,97
https://achiv.com/category/server-monitoring/,0,1,0%,99
https://achiv.com/product/mathos-ai/feedback/,0,1,0%,100